word	mode	value	current	corrected	stress_source	mid_source	correction_class	pos	freq	ipa_source	source	license
agora	diacritized	agóra	a.ˈgo.ra	a.ˈgɔ.ra	2	ɔ	mid	adv,conj,noun	1181210	/aˈɡɔ.ɾɐ/	https://kaikki.org/dictionary/Portuguese/kaikki.org-dictionary-Portuguese.jsonl	CC BY-SA 4.0
quer	diacritized	quér	ˈker	ˈkɛr	1	ɛ	mid	conj,verb	908089	/ˈkɛ(ʁ)/	https://kaikki.org/dictionary/Portuguese/kaikki.org-dictionary-Portuguese.jsonl	CC BY-SA 4.0
quero	diacritized	quéro	ˈke.ro	ˈkɛ.ro	1	ɛ	mid	noun,verb	783981	/ˈkɛ.ɾu/	https://kaikki.org/dictionary/Portuguese/kaikki.org-dictionary-Portuguese.jsonl	CC BY-SA 4.0
posso	diacritized	pósso	ˈpo.so	ˈpɔ.so	1	ɔ	mid	verb	740678	/ˈpɔ.su/	https://kaikki.org/dictionary/Portuguese/kaikki.org-dictionary-Portuguese.jsonl	CC BY-SA 4.0
porque	diacritized	porquê	ˈpɔr.ke	por.ˈke	2	e	stress+mid	adv,conj	711704	/puʁˈke/	https://kaikki.org/dictionary/Portuguese/kaikki.org-dictionary-Portuguese.jsonl	CC BY-SA 4.0
esta	diacritized	ésta	ˈes.ta	ˈɛs.ta	1	ɛ	mid	det,pron	474728	/ˈɛs.tɐ/	https://kaikki.org/dictionary/Portuguese/kaikki.org-dictionary-Portuguese.jsonl	CC BY-SA 4.0
parece	diacritized	paréce	pa.ˈre.se	pa.ˈrɛ.se	2	ɛ	mid	verb	424214	/paˈɾɛ.si/	https://kaikki.org/dictionary/Portuguese/kaikki.org-dictionary-Portuguese.jsonl	CC BY-SA 4.0
nossa	diacritized	nóssa	ˈno.sa	ˈnɔ.sa	1	ɔ	mid	det,intj,noun,pron	301627	/ˈnɔ.sɐ/	https://kaikki.org/dictionary/Portuguese/kaikki.org-dictionary-Portuguese.jsonl	CC BY-SA 4.0
sair	diacritized	saír	ˈsajr	sa.ˈir	2	none	stress	verb	241982	/saˈi(ʁ)/	https://kaikki.org/dictionary/Portuguese/kaikki.org-dictionary-Portuguese.jsonl	CC BY-SA 4.0
espere	diacritized	espére	es.ˈpe.re	es.ˈpɛ.re	2	ɛ	mid	verb	224491	/esˈpɛ.ɾi/ | /isˈpɛ.ɾi/	https://kaikki.org/dictionary/Portuguese/kaikki.org-dictionary-Portuguese.jsonl	CC BY-SA 4.0
podem	diacritized	pódem	po.ˈdem	ˈpɔ.dem	1	ɔ	stress+mid	verb	172903	/ˈpɔ.dẽj̃/	https://kaikki.org/dictionary/Portuguese/kaikki.org-dictionary-Portuguese.jsonl	CC BY-SA 4.0
homens	diacritized	hômens	o.ˈmens	ˈo.mens	1	none	stress	noun	155377	/ˈõ.mẽj̃s/	https://kaikki.org/dictionary/Portuguese/kaikki.org-dictionary-Portuguese.jsonl	CC BY-SA 4.0
essas	diacritized	éssas	ˈe.sas	ˈɛ.sas	1	ɛ	mid	det,noun,pron	142292	/ˈɛ.sɐs/	https://kaikki.org/dictionary/Portuguese/kaikki.org-dictionary-Portuguese.jsonl	CC BY-SA 4.0
espero	diacritized	espéro	es.ˈpe.ro	es.ˈpɛ.ro	2	ɛ	mid	verb	136327	/esˈpɛ.ɾu/ | /isˈpɛ.ɾu/	https://kaikki.org/dictionary/Portuguese/kaikki.org-dictionary-Portuguese.jsonl	CC BY-SA 4.0
gosta	diacritized	gósta	ˈgos.ta	ˈgɔs.ta	1	ɔ	mid	verb	118631	/ˈɡɔs.tɐ/	https://kaikki.org/dictionary/Portuguese/kaikki.org-dictionary-Portuguese.jsonl	CC BY-SA 4.0
nossos	diacritized	nóssos	ˈno.sos	ˈnɔ.sos	1	ɔ	mid	det,noun,pron	117365	/ˈnɔ.sus/	https://kaikki.org/dictionary/Portuguese/kaikki.org-dictionary-Portuguese.jsonl	CC BY-SA 4.0
querem	diacritized	quérem	ke.ˈrem	ˈkɛ.rem	1	ɛ	stress+mid	verb	101749	/ˈkɛ.ɾẽj̃/	https://kaikki.org/dictionary/Portuguese/kaikki.org-dictionary-Portuguese.jsonl	CC BY-SA 4.0
tivesse	diacritized	tivésse	ti.ˈve.se	ti.ˈvɛ.se	2	ɛ	mid	verb	99424	/t͡ʃiˈvɛ.si/	https://kaikki.org/dictionary/Portuguese/kaikki.org-dictionary-Portuguese.jsonl	CC BY-SA 4.0
conhece	diacritized	conhéce	ko.ˈɲe.se	ko.ˈɲɛ.se	2	ɛ	mid	verb	96022	/kõˈɲɛ.si/	https://kaikki.org/dictionary/Portuguese/kaikki.org-dictionary-Portuguese.jsonl	CC BY-SA 4.0
eram	diacritized	éram	ˈe.rãw̃	ˈɛ.rãw̃	1	ɛ	mid	verb	93945	/ˈɛ.ɾɐ̃w̃/	https://kaikki.org/dictionary/Portuguese/kaikki.org-dictionary-Portuguese.jsonl	CC BY-SA 4.0
dessa	diacritized	déssa	ˈde.sa	ˈdɛ.sa	1	ɛ	mid	contraction	90327	/ˈdɛ.sɐ/	https://kaikki.org/dictionary/Portuguese/kaikki.org-dictionary-Portuguese.jsonl	CC BY-SA 4.0
possa	diacritized	póssa	ˈpo.sa	ˈpɔ.sa	1	ɔ	mid	verb	87555	/ˈpɔ.sɐ/	https://kaikki.org/dictionary/Portuguese/kaikki.org-dictionary-Portuguese.jsonl	CC BY-SA 4.0
consegue	diacritized	conségue	kon.ˈse.ge	kon.ˈsɛ.ge	2	ɛ	mid	verb	84724	/kõˈsɛ.ɡi/	https://kaikki.org/dictionary/Portuguese/kaikki.org-dictionary-Portuguese.jsonl	CC BY-SA 4.0
nossas	diacritized	nóssas	ˈno.sas	ˈnɔ.sas	1	ɔ	mid	det,noun,pron	79871	/ˈnɔ.sɐs/	https://kaikki.org/dictionary/Portuguese/kaikki.org-dictionary-Portuguese.jsonl	CC BY-SA 4.0
desta	diacritized	désta	ˈdes.ta	ˈdɛs.ta	1	ɛ	mid	contraction	79504	/ˈdɛs.tɐ/	https://kaikki.org/dictionary/Portuguese/kaikki.org-dictionary-Portuguese.jsonl	CC BY-SA 4.0
nessa	diacritized	néssa	ˈne.sa	ˈnɛ.sa	1	ɛ	mid	contraction	79187	/ˈnɛ.sɐ/	https://kaikki.org/dictionary/Portuguese/kaikki.org-dictionary-Portuguese.jsonl	CC BY-SA 4.0
sabem	diacritized	sábem	sa.ˈbem	ˈsa.bem	1	none	stress	verb	77265	/ˈsa.bẽj̃/	https://kaikki.org/dictionary/Portuguese/kaikki.org-dictionary-Portuguese.jsonl	CC BY-SA 4.0
pegue	diacritized	pégue	ˈpe.ge	ˈpɛ.ge	1	ɛ	mid	verb	76959	/ˈpɛ.ɡi/	https://kaikki.org/dictionary/Portuguese/kaikki.org-dictionary-Portuguese.jsonl	CC BY-SA 4.0
acontece	diacritized	acontéce	a.kon.ˈte.se	a.kon.ˈtɛ.se	3	ɛ	mid	intj,verb	71231	/a.kõˈtɛ.si/	https://kaikki.org/dictionary/Portuguese/kaikki.org-dictionary-Portuguese.jsonl	CC BY-SA 4.0
dizem	diacritized	dízem	di.ˈzem	ˈdi.zem	1	none	stress	verb	69210	/ˈd͡ʒi.zẽj̃/	https://kaikki.org/dictionary/Portuguese/kaikki.org-dictionary-Portuguese.jsonl	CC BY-SA 4.0
fazem	diacritized	fázem	fa.ˈzem	ˈfa.zem	1	none	stress	verb	67683	/ˈfa.zẽj̃/	https://kaikki.org/dictionary/Portuguese/kaikki.org-dictionary-Portuguese.jsonl	CC BY-SA 4.0
nesta	diacritized	nésta	ˈnes.ta	ˈnɛs.ta	1	ɛ	mid	contraction	64071	/ˈnɛs.tɐ/	https://kaikki.org/dictionary/Portuguese/kaikki.org-dictionary-Portuguese.jsonl	CC BY-SA 4.0
devem	diacritized	dévem	de.ˈvem	ˈdɛ.vem	1	ɛ	stress+mid	verb	63381	/ˈdɛ.vẽj̃/	https://kaikki.org/dictionary/Portuguese/kaikki.org-dictionary-Portuguese.jsonl	CC BY-SA 4.0
estivesse	diacritized	estivésse	es.ti.ˈve.se	es.ti.ˈvɛ.se	3	ɛ	mid	verb	58642	/es.t͡ʃiˈvɛ.si/ | /is.t͡ʃiˈvɛ.si/	https://kaikki.org/dictionary/Portuguese/kaikki.org-dictionary-Portuguese.jsonl	CC BY-SA 4.0
estas	diacritized	éstas	ˈes.tas	ˈɛs.tas	1	ɛ	mid	det,pron	56035	/ˈɛs.tɐs/	https://kaikki.org/dictionary/Portuguese/kaikki.org-dictionary-Portuguese.jsonl	CC BY-SA 4.0
disseram	diacritized	disséram	di.ˈse.rãw̃	di.ˈsɛ.rãw̃	2	ɛ	mid	verb	49941	/d͡ʒiˈsɛ.ɾɐ̃w̃/	https://kaikki.org/dictionary/Portuguese/kaikki.org-dictionary-Portuguese.jsonl	CC BY-SA 4.0
senhores	diacritized	senhôres	se.ˈɲɔ.res	se.ˈɲo.res	2	o	mid	adj,noun	47680	/sẽˈɲo.ɾis/	https://kaikki.org/dictionary/Portuguese/kaikki.org-dictionary-Portuguese.jsonl	CC BY-SA 4.0
mortos	diacritized	mórtos	ˈmor.tos	ˈmɔr.tos	1	ɔ	mid	adj,noun,verb	46853	/ˈmɔʁ.tus/	https://kaikki.org/dictionary/Portuguese/kaikki.org-dictionary-Portuguese.jsonl	CC BY-SA 4.0
fotos	diacritized	fótos	ˈfo.tos	ˈfɔ.tos	1	ɔ	mid	noun	46043	/ˈfɔ.tus/	https://kaikki.org/dictionary/Portuguese/kaikki.org-dictionary-Portuguese.jsonl	CC BY-SA 4.0
morta	diacritized	mórta	ˈmor.ta	ˈmɔr.ta	1	ɔ	mid	adj,verb	45526	/ˈmɔʁ.tɐ/	https://kaikki.org/dictionary/Portuguese/kaikki.org-dictionary-Portuguese.jsonl	CC BY-SA 4.0
pudesse	diacritized	pudésse	pu.ˈde.se	pu.ˈdɛ.se	2	ɛ	mid	verb	44232	/puˈdɛ.si/	https://kaikki.org/dictionary/Portuguese/kaikki.org-dictionary-Portuguese.jsonl	CC BY-SA 4.0
puder	diacritized	pudér	pu.ˈder	pu.ˈdɛr	2	ɛ	mid	verb	38175	/puˈdɛ(ʁ)/	https://kaikki.org/dictionary/Portuguese/kaikki.org-dictionary-Portuguese.jsonl	CC BY-SA 4.0
começa	diacritized	coméça	ko.ˈme.sa	ko.ˈmɛ.sa	2	ɛ	mid	verb	38039	/koˈmɛ.sɐ/	https://kaikki.org/dictionary/Portuguese/kaikki.org-dictionary-Portuguese.jsonl	CC BY-SA 4.0
adoro	diacritized	adóro	a.ˈdo.ro	a.ˈdɔ.ro	2	ɔ	mid	noun,verb	37680	/aˈdɔ.ɾu/	https://kaikki.org/dictionary/Portuguese/kaikki.org-dictionary-Portuguese.jsonl	CC BY-SA 4.0
costas	diacritized	cóstas	ˈkos.tas	ˈkɔs.tas	1	ɔ	mid	noun	35740	/ˈkɔs.tɐs/	https://kaikki.org/dictionary/Portuguese/kaikki.org-dictionary-Portuguese.jsonl	CC BY-SA 4.0
dessas	diacritized	déssas	ˈde.sas	ˈdɛ.sas	1	ɛ	mid	contraction	35260	/ˈdɛ.sɐs/	https://kaikki.org/dictionary/Portuguese/kaikki.org-dictionary-Portuguese.jsonl	CC BY-SA 4.0
ordens	diacritized	órdens	or.ˈdens	ˈɔr.dens	1	ɔ	stress+mid	noun	33564	/ˈɔʁ.dẽj̃s/	https://kaikki.org/dictionary/Portuguese/kaikki.org-dictionary-Portuguese.jsonl	CC BY-SA 4.0
importo	diacritized	impórto	im.ˈpor.to	im.ˈpɔr.to	2	ɔ	mid	verb	32979	/ĩˈpɔʁ.tu/	https://kaikki.org/dictionary/Portuguese/kaikki.org-dictionary-Portuguese.jsonl	CC BY-SA 4.0
depressa	diacritized	depréssa	de.ˈpre.sa	de.ˈprɛ.sa	2	ɛ	mid	adv	32951	/deˈpɾɛ.sɐ/ | /d͡ʒiˈpɾɛ.sɐ/	https://kaikki.org/dictionary/Portuguese/kaikki.org-dictionary-Portuguese.jsonl	CC BY-SA 4.0
existem	diacritized	exístem	e.zis.ˈtem	e.ˈzis.tem	2	none	stress	verb	32687	/eˈzis.tẽj̃/	https://kaikki.org/dictionary/Portuguese/kaikki.org-dictionary-Portuguese.jsonl	CC BY-SA 4.0
parecem	diacritized	parécem	pa.re.ˈsem	pa.ˈrɛ.sem	2	ɛ	stress+mid	verb	31041	/paˈɾɛ.sẽj̃/	https://kaikki.org/dictionary/Portuguese/kaikki.org-dictionary-Portuguese.jsonl	CC BY-SA 4.0
jovens	diacritized	jóvens	ʒo.ˈvens	ˈʒɔ.vens	1	ɔ	stress+mid	adj,noun	28818	/ˈʒɔ.vẽj̃s/	https://kaikki.org/dictionary/Portuguese/kaikki.org-dictionary-Portuguese.jsonl	CC BY-SA 4.0
sequer	diacritized	sequér	se.ˈker	se.ˈkɛr	2	ɛ	mid	adv	28439	/seˈkɛ(ʁ)/ | /siˈkɛ(ʁ)/	https://kaikki.org/dictionary/Portuguese/kaikki.org-dictionary-Portuguese.jsonl	CC BY-SA 4.0
tony	diacritized	tôny	to.ˈni	ˈto.ni	1	none	stress	name	28081	/ˈtõ.ni/	https://kaikki.org/dictionary/Portuguese/kaikki.org-dictionary-Portuguese.jsonl	CC BY-SA 4.0
novos	diacritized	nóvos	ˈno.vos	ˈnɔ.vos	1	ɔ	mid	adj	27263	/ˈnɔ.vus/	https://kaikki.org/dictionary/Portuguese/kaikki.org-dictionary-Portuguese.jsonl	CC BY-SA 4.0
peço	diacritized	péço	ˈpe.so	ˈpɛ.so	1	ɛ	mid	verb	27140	/ˈpɛ.su/	https://kaikki.org/dictionary/Portuguese/kaikki.org-dictionary-Portuguese.jsonl	CC BY-SA 4.0
pernas	diacritized	pérnas	ˈper.nas	ˈpɛr.nas	1	ɛ	mid	noun	26871	/ˈpɛʁ.nɐs/	https://kaikki.org/dictionary/Portuguese/kaikki.org-dictionary-Portuguese.jsonl	CC BY-SA 4.0
merece	diacritized	meréce	me.ˈre.se	me.ˈrɛ.se	2	ɛ	mid	verb	26178	/meˈɾɛ.si/	https://kaikki.org/dictionary/Portuguese/kaikki.org-dictionary-Portuguese.jsonl	CC BY-SA 4.0
flores	diacritized	flôres	ˈflɔ.res	ˈflo.res	1	o	mid	name,noun	26163	/ˈflo.ɾis/	https://kaikki.org/dictionary/Portuguese/kaikki.org-dictionary-Portuguese.jsonl	CC BY-SA 4.0
novas	diacritized	nóvas	ˈno.vas	ˈnɔ.vas	1	ɔ	mid	adj,noun	26102	/ˈnɔ.vɐs/	https://kaikki.org/dictionary/Portuguese/kaikki.org-dictionary-Portuguese.jsonl	CC BY-SA 4.0
soubesse	diacritized	soubésse	sow.ˈbe.se	sow.ˈbɛ.se	2	ɛ	mid	verb	25081	/so(w)ˈbɛ.si/	https://kaikki.org/dictionary/Portuguese/kaikki.org-dictionary-Portuguese.jsonl	CC BY-SA 4.0
super	diacritized	súper	su.ˈper	ˈsu.per	1	e	stress	adj,adv	24592	/ˈsu.peʁ/	https://kaikki.org/dictionary/Portuguese/kaikki.org-dictionary-Portuguese.jsonl	CC BY-SA 4.0
velhos	diacritized	vélhos	ˈve.ʎos	ˈvɛ.ʎos	1	ɛ	mid	adj,noun	23950	/ˈvɛ.ʎus/	https://kaikki.org/dictionary/Portuguese/kaikki.org-dictionary-Portuguese.jsonl	CC BY-SA 4.0
estrelas	diacritized	estrêlas	es.ˈtrɛ.las	es.ˈtre.las	2	e	mid	noun	23881	/esˈtɾe.lɐs/ | /isˈtɾe.lɐs/	https://kaikki.org/dictionary/Portuguese/kaikki.org-dictionary-Portuguese.jsonl	CC BY-SA 4.0
olhem	diacritized	ólhem	o.ˈʎem	ˈɔ.ʎem	1	ɔ	stress+mid	verb	23623	/ˈɔ.ʎẽj̃/	https://kaikki.org/dictionary/Portuguese/kaikki.org-dictionary-Portuguese.jsonl	CC BY-SA 4.0
gostam	diacritized	góstam	ˈgos.tãw̃	ˈgɔs.tãw̃	1	ɔ	mid	verb	21673	/ˈɡɔs.tɐ̃w̃/	https://kaikki.org/dictionary/Portuguese/kaikki.org-dictionary-Portuguese.jsonl	CC BY-SA 4.0
kevin	diacritized	kévin	ke.ˈvin	ˈkɛ.vin	1	ɛ	stress+mid	name	21654	/ˈkɛ.vĩ/	https://kaikki.org/dictionary/Portuguese/kaikki.org-dictionary-Portuguese.jsonl	CC BY-SA 4.0
disser	diacritized	dissér	di.ˈser	di.ˈsɛr	2	ɛ	mid	verb	20869	/d͡ʒiˈsɛ(ʁ)/	https://kaikki.org/dictionary/Portuguese/kaikki.org-dictionary-Portuguese.jsonl	CC BY-SA 4.0
der	diacritized	dér	ˈder	ˈdɛr	1	ɛ	mid	verb	20087	/ˈdɛ(ʁ)/	https://kaikki.org/dictionary/Portuguese/kaikki.org-dictionary-Portuguese.jsonl	CC BY-SA 4.0
deram	diacritized	déram	ˈde.rãw̃	ˈdɛ.rãw̃	1	ɛ	mid	verb	19642	/ˈdɛ.ɾɐ̃w̃/	https://kaikki.org/dictionary/Portuguese/kaikki.org-dictionary-Portuguese.jsonl	CC BY-SA 4.0
inglaterra	diacritized	inglatérra	in.gla.ˈte.xa	in.gla.ˈtɛ.xa	3	ɛ	mid	name	19280	/ĩ.ɡlaˈtɛ.ʁɐ/	https://kaikki.org/dictionary/Portuguese/kaikki.org-dictionary-Portuguese.jsonl	CC BY-SA 4.0
serem	diacritized	sêrem	se.ˈrem	ˈse.rem	1	e	stress	verb	18814	/ˈse.ɾẽj̃/	https://kaikki.org/dictionary/Portuguese/kaikki.org-dictionary-Portuguese.jsonl	CC BY-SA 4.0
quisesse	diacritized	quisésse	ki.ˈze.se	ki.ˈzɛ.se	2	ɛ	mid	verb	18240	/kiˈzɛ.si/	https://kaikki.org/dictionary/Portuguese/kaikki.org-dictionary-Portuguese.jsonl	CC BY-SA 4.0
ovos	diacritized	óvos	ˈo.vos	ˈɔ.vos	1	ɔ	mid	noun	17072	/ˈɔ.vus/	https://kaikki.org/dictionary/Portuguese/kaikki.org-dictionary-Portuguese.jsonl	CC BY-SA 4.0
vossa	diacritized	vóssa	ˈvo.sa	ˈvɔ.sa	1	ɔ	mid	det,noun,pron	16647	/ˈvɔ.sɐ/	https://kaikki.org/dictionary/Portuguese/kaikki.org-dictionary-Portuguese.jsonl	CC BY-SA 4.0
walter	diacritized	wálter	val.ˈter	ˈval.ter	1	e	stress	name	16301	/ˈvaw.teʁ/	https://kaikki.org/dictionary/Portuguese/kaikki.org-dictionary-Portuguese.jsonl	CC BY-SA 4.0
deixem	diacritized	dêixem	dej.ˈʃem	ˈdej.ʃem	1	e	stress	verb	15969	/ˈde(j).ʃẽj̃/	https://kaikki.org/dictionary/Portuguese/kaikki.org-dictionary-Portuguese.jsonl	CC BY-SA 4.0
europa	diacritized	európa	ew.ˈro.pa	ew.ˈrɔ.pa	2	ɔ	mid	name	15718	/ewˈɾɔ.pɐ/	https://kaikki.org/dictionary/Portuguese/kaikki.org-dictionary-Portuguese.jsonl	CC BY-SA 4.0
ruins	diacritized	rúins	xu.ˈins	ˈxujns	1	none	stress	adj	15337	/ˈʁujns/ | /ˈʁuj̃s/	https://kaikki.org/dictionary/Portuguese/kaikki.org-dictionary-Portuguese.jsonl	CC BY-SA 4.0
aparece	diacritized	aparéce	a.pa.ˈre.se	a.pa.ˈrɛ.se	3	ɛ	mid	verb	15231	/a.paˈɾɛ.si/	https://kaikki.org/dictionary/Portuguese/kaikki.org-dictionary-Portuguese.jsonl	CC BY-SA 4.0
esquece	diacritized	esquéce	es.ˈke.se	es.ˈkɛ.se	2	ɛ	mid	phrase,verb	15089	/esˈkɛ.si/ | /isˈkɛ.si/	https://kaikki.org/dictionary/Portuguese/kaikki.org-dictionary-Portuguese.jsonl	CC BY-SA 4.0
conhecem	diacritized	conhécem	ko.ɲe.ˈsem	ko.ˈɲɛ.sem	2	ɛ	stress+mid	verb	14845	/kõˈɲɛ.sẽj̃/	https://kaikki.org/dictionary/Portuguese/kaikki.org-dictionary-Portuguese.jsonl	CC BY-SA 4.0
fizesse	diacritized	fizésse	fi.ˈze.se	fi.ˈzɛ.se	2	ɛ	mid	verb	13281	/fiˈzɛ.si/	https://kaikki.org/dictionary/Portuguese/kaikki.org-dictionary-Portuguese.jsonl	CC BY-SA 4.0
chef	diacritized	chéf	ˈʃef	ˈʃɛf	1	ɛ	mid	noun	13216	/ˈʃɛ.fi/ | /ˈʃɛf/	https://kaikki.org/dictionary/Portuguese/kaikki.org-dictionary-Portuguese.jsonl	CC BY-SA 4.0
terem	diacritized	têrem	te.ˈrem	ˈte.rem	1	e	stress	verb	12672	/ˈte.ɾẽj̃/	https://kaikki.org/dictionary/Portuguese/kaikki.org-dictionary-Portuguese.jsonl	CC BY-SA 4.0
doces	diacritized	dôces	ˈdɔ.ses	ˈdo.ses	1	o	mid	adj,noun	12667	/ˈdo.sis/	https://kaikki.org/dictionary/Portuguese/kaikki.org-dictionary-Portuguese.jsonl	CC BY-SA 4.0
conseguem	diacritized	conséguem	kon.se.ˈgem	kon.ˈsɛ.gem	2	ɛ	stress+mid	verb	12509	/kõˈsɛ.ɡẽj̃/	https://kaikki.org/dictionary/Portuguese/kaikki.org-dictionary-Portuguese.jsonl	CC BY-SA 4.0
victor	diacritized	víctor	vik.ˈtor	ˈvik.tor	1	o	stress	name	12484	/ˈvik.toʁ/	https://kaikki.org/dictionary/Portuguese/kaikki.org-dictionary-Portuguese.jsonl	CC BY-SA 4.0
perde	diacritized	pérde	ˈper.de	ˈpɛr.de	1	ɛ	mid	verb	12471	/ˈpɛʁ.d͡ʒi/	https://kaikki.org/dictionary/Portuguese/kaikki.org-dictionary-Portuguese.jsonl	CC BY-SA 4.0
certas	diacritized	cértas	ˈser.tas	ˈsɛr.tas	1	ɛ	mid	adj	12452	/ˈsɛʁ.tɐs/	https://kaikki.org/dictionary/Portuguese/kaikki.org-dictionary-Portuguese.jsonl	CC BY-SA 4.0
vivem	diacritized	vívem	vi.ˈvem	ˈvi.vem	1	none	stress	verb	12173	/ˈvi.vẽj̃/	https://kaikki.org/dictionary/Portuguese/kaikki.org-dictionary-Portuguese.jsonl	CC BY-SA 4.0
houver	diacritized	houvér	ow.ˈver	ow.ˈvɛr	2	ɛ	mid	verb	11900	/o(w)ˈvɛ(ʁ)/	https://kaikki.org/dictionary/Portuguese/kaikki.org-dictionary-Portuguese.jsonl	CC BY-SA 4.0
hitler	diacritized	hítler	i.ˈtler	ˈi.tler	1	e	stress	name,noun	11660	/ˈi.tleʁ/ | /ˈʁi.tleʁ/	https://kaikki.org/dictionary/Portuguese/kaikki.org-dictionary-Portuguese.jsonl	CC BY-SA 4.0
bebe	diacritized	bébe	ˈbe.be	ˈbɛ.be	1	ɛ	mid	verb	11548	/ˈbɛ.bi/	https://kaikki.org/dictionary/Portuguese/kaikki.org-dictionary-Portuguese.jsonl	CC BY-SA 4.0
terras	diacritized	térras	ˈte.xas	ˈtɛ.xas	1	ɛ	mid	noun	11019	/ˈtɛ.ʁɐs/	https://kaikki.org/dictionary/Portuguese/kaikki.org-dictionary-Portuguese.jsonl	CC BY-SA 4.0
certos	diacritized	cértos	ˈser.tos	ˈsɛr.tos	1	ɛ	mid	adj	10723	/ˈsɛʁ.tus/	https://kaikki.org/dictionary/Portuguese/kaikki.org-dictionary-Portuguese.jsonl	CC BY-SA 4.0
queres	diacritized	quéres	ˈke.res	ˈkɛ.res	1	ɛ	mid	verb	10197	/ˈkɛ.ɾis/	https://kaikki.org/dictionary/Portuguese/kaikki.org-dictionary-Portuguese.jsonl	CC BY-SA 4.0
nessas	diacritized	néssas	ˈne.sas	ˈnɛ.sas	1	ɛ	mid	contraction	9867	/ˈnɛ.sɐs/	https://kaikki.org/dictionary/Portuguese/kaikki.org-dictionary-Portuguese.jsonl	CC BY-SA 4.0
tivessem	diacritized	tivéssem	ti.ve.ˈsem	ti.ˈvɛ.sem	2	ɛ	stress+mid	verb	9751	/t͡ʃiˈvɛ.sẽj̃/	https://kaikki.org/dictionary/Portuguese/kaikki.org-dictionary-Portuguese.jsonl	CC BY-SA 4.0
resta	diacritized	résta	ˈxes.ta	ˈxɛs.ta	1	ɛ	mid	verb	9748	/ˈʁɛs.tɐ/	https://kaikki.org/dictionary/Portuguese/kaikki.org-dictionary-Portuguese.jsonl	CC BY-SA 4.0
recebe	diacritized	recébe	xe.ˈse.be	xe.ˈsɛ.be	2	ɛ	mid	verb	9656	/ʁeˈsɛ.bi/	https://kaikki.org/dictionary/Portuguese/kaikki.org-dictionary-Portuguese.jsonl	CC BY-SA 4.0
segue	diacritized	ségue	ˈse.ge	ˈsɛ.ge	1	ɛ	mid	verb	9613	/ˈsɛ.ɡi/	https://kaikki.org/dictionary/Portuguese/kaikki.org-dictionary-Portuguese.jsonl	CC BY-SA 4.0
forem	diacritized	fôrem	fo.ˈrem	ˈfo.rem	1	o	stress+mid	verb	9532	/ˈfo.ɾẽj̃/	https://kaikki.org/dictionary/Portuguese/kaikki.org-dictionary-Portuguese.jsonl	CC BY-SA 4.0
boston	diacritized	bóston	bos.ˈton	ˈbɔs.ton	1	ɔ	stress+mid	name	9379	/ˈbɔs.tõ/	https://kaikki.org/dictionary/Portuguese/kaikki.org-dictionary-Portuguese.jsonl	CC BY-SA 4.0
dissesse	diacritized	dissésse	di.ˈse.se	di.ˈsɛ.se	2	ɛ	mid	verb	9366	/d͡ʒiˈsɛ.si/	https://kaikki.org/dictionary/Portuguese/kaikki.org-dictionary-Portuguese.jsonl	CC BY-SA 4.0
concorda	diacritized	concórda	kon.ˈkor.da	kon.ˈkɔr.da	2	ɔ	mid	verb	9090	/kõˈkɔʁ.dɐ/	https://kaikki.org/dictionary/Portuguese/kaikki.org-dictionary-Portuguese.jsonl	CC BY-SA 4.0
virem	diacritized	vírem	vi.ˈrem	ˈvi.rem	1	none	stress	verb	8985	/ˈvi.ɾẽj̃/	https://kaikki.org/dictionary/Portuguese/kaikki.org-dictionary-Portuguese.jsonl	CC BY-SA 4.0
destas	diacritized	déstas	ˈdes.tas	ˈdɛs.tas	1	ɛ	mid	contraction	8953	/ˈdɛs.tɐs/	https://kaikki.org/dictionary/Portuguese/kaikki.org-dictionary-Portuguese.jsonl	CC BY-SA 4.0
acorda	diacritized	acórda	a.ˈkor.da	a.ˈkɔr.da	2	ɔ	mid	verb	8944	/aˈkɔʁ.dɐ/	https://kaikki.org/dictionary/Portuguese/kaikki.org-dictionary-Portuguese.jsonl	CC BY-SA 4.0
feia	diacritized	fêia	ˈfɛ.ja	ˈfe.ja	1	e	mid	adj,noun	8859	/ˈfej.ɐ/	https://kaikki.org/dictionary/Portuguese/kaikki.org-dictionary-Portuguese.jsonl	CC BY-SA 4.0
escreve	diacritized	escréve	es.ˈkre.ve	es.ˈkrɛ.ve	2	ɛ	mid	verb	8842	/esˈkɾɛ.vi/ | /isˈkɾɛ.vi/	https://kaikki.org/dictionary/Portuguese/kaikki.org-dictionary-Portuguese.jsonl	CC BY-SA 4.0
acontecem	diacritized	acontécem	a.kon.te.ˈsem	a.kon.ˈtɛ.sem	3	ɛ	stress+mid	verb	8709	/a.kõˈtɛ.sẽj̃/	https://kaikki.org/dictionary/Portuguese/kaikki.org-dictionary-Portuguese.jsonl	CC BY-SA 4.0
começam	diacritized	coméçam	ko.ˈme.sãw̃	ko.ˈmɛ.sãw̃	2	ɛ	mid	verb	8617	/koˈmɛ.sɐ̃w̃/	https://kaikki.org/dictionary/Portuguese/kaikki.org-dictionary-Portuguese.jsonl	CC BY-SA 4.0
entendem	diacritized	entêndem	en.ten.ˈdem	en.ˈten.dem	2	none	stress	verb	8566	/ẽˈtẽ.dẽj̃/ | /ĩˈtẽ.dẽj̃/	https://kaikki.org/dictionary/Portuguese/kaikki.org-dictionary-Portuguese.jsonl	CC BY-SA 4.0
houvesse	diacritized	houvésse	ow.ˈve.se	ow.ˈvɛ.se	2	ɛ	mid	verb	8268	/o(w)ˈvɛ.si/	https://kaikki.org/dictionary/Portuguese/kaikki.org-dictionary-Portuguese.jsonl	CC BY-SA 4.0
rodas	diacritized	ródas	ˈxo.das	ˈxɔ.das	1	ɔ	mid	noun,verb	8176	/ˈʁɔ.dɐs/	https://kaikki.org/dictionary/Portuguese/kaikki.org-dictionary-Portuguese.jsonl	CC BY-SA 4.0
honesta	diacritized	honésta	o.ˈnes.ta	o.ˈnɛs.ta	2	ɛ	mid	adj	7930	/oˈnɛs.tɐ/	https://kaikki.org/dictionary/Portuguese/kaikki.org-dictionary-Portuguese.jsonl	CC BY-SA 4.0
mortas	diacritized	mórtas	ˈmor.tas	ˈmɔr.tas	1	ɔ	mid	adj,verb	7801	/ˈmɔʁ.tɐs/	https://kaikki.org/dictionary/Portuguese/kaikki.org-dictionary-Portuguese.jsonl	CC BY-SA 4.0
professores	diacritized	professôres	pro.fe.ˈsɔ.res	pro.fe.ˈso.res	3	o	mid	noun	7732	/pɾo.feˈso.ɾis/	https://kaikki.org/dictionary/Portuguese/kaikki.org-dictionary-Portuguese.jsonl	CC BY-SA 4.0
levam	diacritized	lévam	ˈle.vãw̃	ˈlɛ.vãw̃	1	ɛ	mid	verb	7694	/ˈlɛ.vɐ̃w̃/	https://kaikki.org/dictionary/Portuguese/kaikki.org-dictionary-Portuguese.jsonl	CC BY-SA 4.0
abertos	diacritized	abértos	a.ˈber.tos	a.ˈbɛr.tos	2	ɛ	mid	adj,verb	7658	/aˈbɛʁ.tus/	https://kaikki.org/dictionary/Portuguese/kaikki.org-dictionary-Portuguese.jsonl	CC BY-SA 4.0
velhas	diacritized	vélhas	ˈve.ʎas	ˈvɛ.ʎas	1	ɛ	mid	adj,noun	7544	/ˈvɛ.ʎɐs/	https://kaikki.org/dictionary/Portuguese/kaikki.org-dictionary-Portuguese.jsonl	CC BY-SA 4.0
sermos	diacritized	sêrmos	ˈsɛr.mos	ˈser.mos	1	e	mid	verb	7513	/ˈseʁ.mus/	https://kaikki.org/dictionary/Portuguese/kaikki.org-dictionary-Portuguese.jsonl	CC BY-SA 4.0
mereço	diacritized	meréço	me.ˈre.so	me.ˈrɛ.so	2	ɛ	mid	verb	7495	/meˈɾɛ.su/	https://kaikki.org/dictionary/Portuguese/kaikki.org-dictionary-Portuguese.jsonl	CC BY-SA 4.0
sairá	diacritized	saírá	saj.ˈra	sa.i.ˈra	3	none	stress	verb	7487	/sa.iˈɾa/	https://kaikki.org/dictionary/Portuguese/kaikki.org-dictionary-Portuguese.jsonl	CC BY-SA 4.0
nuvens	diacritized	núvens	nu.ˈvens	ˈnu.vens	1	none	stress	noun	7462	/ˈnu.vẽj̃s/	https://kaikki.org/dictionary/Portuguese/kaikki.org-dictionary-Portuguese.jsonl	CC BY-SA 4.0
saem	diacritized	sáem	sa.ˈem	ˈsa.em	1	none	stress	verb	7344	/ˈsa.ẽj̃/	https://kaikki.org/dictionary/Portuguese/kaikki.org-dictionary-Portuguese.jsonl	CC BY-SA 4.0
promete	diacritized	prométe	pro.ˈme.te	pro.ˈmɛ.te	2	ɛ	mid	verb	7324	/pɾoˈmɛ.t͡ʃi/	https://kaikki.org/dictionary/Portuguese/kaikki.org-dictionary-Portuguese.jsonl	CC BY-SA 4.0
computadores	diacritized	computadôres	kom.pu.ta.ˈdɔ.res	kom.pu.ta.ˈdo.res	4	o	mid	noun	7077	/kõ.pu.taˈdo.ɾis/	https://kaikki.org/dictionary/Portuguese/kaikki.org-dictionary-Portuguese.jsonl	CC BY-SA 4.0
formos	diacritized	fôrmos	ˈfɔr.mos	ˈfor.mos	1	o	mid	verb	7033	/ˈfoʁ.mus/	https://kaikki.org/dictionary/Portuguese/kaikki.org-dictionary-Portuguese.jsonl	CC BY-SA 4.0
boba	diacritized	bôba	ˈbɔ.ba	ˈbo.ba	1	o	mid	adj	7002	/ˈbo.bɐ/	https://kaikki.org/dictionary/Portuguese/kaikki.org-dictionary-Portuguese.jsonl	CC BY-SA 4.0
apostas	diacritized	apóstas	a.ˈpos.tas	a.ˈpɔs.tas	2	ɔ	mid	adj,noun,verb	6811	/aˈpɔs.tɐs/	https://kaikki.org/dictionary/Portuguese/kaikki.org-dictionary-Portuguese.jsonl	CC BY-SA 4.0
anthony	diacritized	ánthony	an.to.ˈni	ˈan.to.ni	1	o	stress+mid	name	6780	/ˈɐ̃.to.ni/	https://kaikki.org/dictionary/Portuguese/kaikki.org-dictionary-Portuguese.jsonl	CC BY-SA 4.0
levem	diacritized	lévem	le.ˈvem	ˈlɛ.vem	1	ɛ	stress+mid	verb	6552	/ˈlɛ.vẽj̃/	https://kaikki.org/dictionary/Portuguese/kaikki.org-dictionary-Portuguese.jsonl	CC BY-SA 4.0
insetos	diacritized	insétos	in.ˈse.tos	in.ˈsɛ.tos	2	ɛ	mid	noun	6457	/ĩˈsɛ.tus/	https://kaikki.org/dictionary/Portuguese/kaikki.org-dictionary-Portuguese.jsonl	CC BY-SA 4.0
postos	diacritized	póstos	ˈpos.tos	ˈpɔs.tos	1	ɔ	mid	noun,verb	6321	/ˈpɔs.tus/	https://kaikki.org/dictionary/Portuguese/kaikki.org-dictionary-Portuguese.jsonl	CC BY-SA 4.0
ajudem	diacritized	ajúdem	a.ʒu.ˈdem	a.ˈʒu.dem	2	none	stress	verb	6205	/aˈʒu.dẽj̃/	https://kaikki.org/dictionary/Portuguese/kaikki.org-dictionary-Portuguese.jsonl	CC BY-SA 4.0
irem	diacritized	írem	i.ˈrem	ˈi.rem	1	none	stress	verb	6139	/ˈi.ɾẽj̃/	https://kaikki.org/dictionary/Portuguese/kaikki.org-dictionary-Portuguese.jsonl	CC BY-SA 4.0
mostram	diacritized	móstram	ˈmos.trãw̃	ˈmɔs.trãw̃	1	ɔ	mid	verb	6126	/ˈmɔs.tɾɐ̃w̃/	https://kaikki.org/dictionary/Portuguese/kaikki.org-dictionary-Portuguese.jsonl	CC BY-SA 4.0
pensem	diacritized	pênsem	pen.ˈsem	ˈpen.sem	1	none	stress	verb	5876	/ˈpẽ.sẽj̃/	https://kaikki.org/dictionary/Portuguese/kaikki.org-dictionary-Portuguese.jsonl	CC BY-SA 4.0
comem	diacritized	cômem	ko.ˈmem	ˈko.mem	1	none	stress	verb	5838	/ˈkõ.mẽj̃/	https://kaikki.org/dictionary/Portuguese/kaikki.org-dictionary-Portuguese.jsonl	CC BY-SA 4.0
dores	diacritized	dôres	ˈdɔ.res	ˈdo.res	1	o	mid	noun	5784	/ˈdo.ɾis/	https://kaikki.org/dictionary/Portuguese/kaikki.org-dictionary-Portuguese.jsonl	CC BY-SA 4.0
cordas	diacritized	córdas	ˈkor.das	ˈkɔr.das	1	ɔ	mid	noun	5626	/ˈkɔʁ.dɐs/	https://kaikki.org/dictionary/Portuguese/kaikki.org-dictionary-Portuguese.jsonl	CC BY-SA 4.0
veem	diacritized	vêem	ve.ˈem	ˈve.em	1	e	stress	verb	5555	/ˈve.ẽj̃/	https://kaikki.org/dictionary/Portuguese/kaikki.org-dictionary-Portuguese.jsonl	CC BY-SA 4.0
batman	diacritized	bátman	ba.ˈtman	ˈba.tman	1	none	stress	name	5547	/ˈba.t͡ʃi.mɐ/ | /ˈba.t͡ʃi.mɐ̃/ | /ˈbat.mɐ̃/ | /ˈbat͡ʃ.mɐ̃/	https://kaikki.org/dictionary/Portuguese/kaikki.org-dictionary-Portuguese.jsonl	CC BY-SA 4.0
fazerem	diacritized	fazêrem	fa.ze.ˈrem	fa.ˈze.rem	2	e	stress	verb	5347	/faˈze.ɾẽj̃/	https://kaikki.org/dictionary/Portuguese/kaikki.org-dictionary-Portuguese.jsonl	CC BY-SA 4.0
trair	diacritized	traír	ˈtrajr	tra.ˈir	2	none	stress	verb	5290	/tɾaˈi(ʁ)/	https://kaikki.org/dictionary/Portuguese/kaikki.org-dictionary-Portuguese.jsonl	CC BY-SA 4.0
reforços	diacritized	refórços	xe.ˈfor.sos	xe.ˈfɔr.sos	2	ɔ	mid	noun	5276	/ʁeˈfɔʁ.sus/	https://kaikki.org/dictionary/Portuguese/kaikki.org-dictionary-Portuguese.jsonl	CC BY-SA 4.0
deem	diacritized	dêem	de.ˈem	ˈde.em	1	e	stress	verb	5121	/ˈde.ẽj̃/	https://kaikki.org/dictionary/Portuguese/kaikki.org-dictionary-Portuguese.jsonl	CC BY-SA 4.0
obras	diacritized	óbras	ˈo.bras	ˈɔ.bras	1	ɔ	mid	noun,verb	5100	/ˈɔ.bɾɐs/	https://kaikki.org/dictionary/Portuguese/kaikki.org-dictionary-Portuguese.jsonl	CC BY-SA 4.0
anderson	diacritized	ánderson	an.der.ˈson	ˈan.der.son	1	e	stress+mid	name	5095	/ˈɐ̃.deʁ.sõ/	https://kaikki.org/dictionary/Portuguese/kaikki.org-dictionary-Portuguese.jsonl	CC BY-SA 4.0
aspecto	diacritized	aspécto	as.ˈpek.to	as.ˈpɛk.to	2	ɛ	mid	noun	5023	/asˈpɛ.ki.tu/ | /asˈpɛk.tu/	https://kaikki.org/dictionary/Portuguese/kaikki.org-dictionary-Portuguese.jsonl	CC BY-SA 4.0
cresce	diacritized	crésce	ˈkre.se	ˈkrɛ.se	1	ɛ	mid	verb	5006	/ˈkɾɛ.si/	https://kaikki.org/dictionary/Portuguese/kaikki.org-dictionary-Portuguese.jsonl	CC BY-SA 4.0
trevas	diacritized	trévas	ˈtre.vas	ˈtrɛ.vas	1	ɛ	mid	noun	4942	/ˈtɾɛ.vɐs/	https://kaikki.org/dictionary/Portuguese/kaikki.org-dictionary-Portuguese.jsonl	CC BY-SA 4.0
